as_of_date,index_name,index_code,ticker,yahoo_ticker,name_cn,name_en,exchange,exchange_cn,weight_pct
2026-06-04,CSI 500,000905,000009,000009.SZ,中国宝安,"China Baoan Group Co.,Ltd.",Shenzhen Stock Exchange,深圳证券交易所,0.127
2026-06-04,CSI 500,000905,000021,000021.SZ,深科技,"Shenzhen Kaifa Technology Co., Ltd.",Shenzhen Stock Exchange,深圳证券交易所,0.412
2026-06-04,CSI 500,000905,000027,000027.SZ,深圳能源,Shenzhen Energy Group Co Ltd,Shenzhen Stock Exchange,深圳证券交易所,0.109
2026-06-04,CSI 500,000905,000032,000032.SZ,深桑达A,Shenzhen SED Industry Co Ltd,Shenzhen Stock Exchange,深圳证券交易所,0.095
2026-06-04,CSI 500,000905,000034,000034.SZ,神州数码,"Digital China Group Co., Ltd.",Shenzhen Stock Exchange,深圳证券交易所,0.195
2026-06-04,CSI 500,000905,000039,000039.SZ,中集集团,China International Marine Containers (Group) Co Ltd,Shenzhen Stock Exchange,深圳证券交易所,0.193
2026-06-04,CSI 500,000905,000050,000050.SZ,深天马A,Tianma Microelectronics Co Ltd,Shenzhen Stock Exchange,深圳证券交易所,0.107
2026-06-04,CSI 500,000905,000060,000060.SZ,中金岭南,Shenzhen Zhongjin Lingnan Nonfemet Co Ltd,Shenzhen Stock Exchange,深圳证券交易所,0.227
2026-06-04,CSI 500,000905,000062,000062.SZ,深圳华强,Shenzhen Huaqiang Industry Co Ltd,Shenzhen Stock Exchange,深圳证券交易所,0.116
2026-06-04,CSI 500,000905,000088,000088.SZ,盐田港,Shenzhen Yan Tian Port Holdings Co Ltd,Shenzhen Stock Exchange,深圳证券交易所,0.088
2026-06-04,CSI 500,000905,000155,000155.SZ,川能动力,SICHUAN NEW ENERGY POWER COMPANY LIMITED,Shenzhen Stock Exchange,深圳证券交易所,0.175
2026-06-04,CSI 500,000905,000400,000400.SZ,许继电气,XJ Electric Co Ltd,Shenzhen Stock Exchange,深圳证券交易所,0.18
2026-06-04,CSI 500,000905,000415,000415.SZ,渤海租赁,"Bohai Leasing Co.,Ltd.",Shenzhen Stock Exchange,深圳证券交易所,0.145
2026-06-04,CSI 500,000905,000423,000423.SZ,东阿阿胶,Shandong Dong-Ee Jiao Co Ltd,Shenzhen Stock Exchange,深圳证券交易所,0.214
2026-06-04,CSI 500,000905,000426,000426.SZ,兴业银锡,"INNER MONGOLIA XINGYE SILVER & TIN MINING CO.,LTD",Shenzhen Stock Exchange,深圳证券交易所,0.535
2026-06-04,CSI 500,000905,000429,000429.SZ,粤高速A,Guangdong Provincial Expressway Development Co Ltd,Shenzhen Stock Exchange,深圳证券交易所,0.069
2026-06-04,CSI 500,000905,000513,000513.SZ,丽珠集团,Livzon Pharmaceutical Group Inc,Shenzhen Stock Exchange,深圳证券交易所,0.106
2026-06-04,CSI 500,000905,000519,000519.SZ,中兵红箭,"NORTH INDUSTRIES GROUP RED ARROW CO.,LTD",Shenzhen Stock Exchange,深圳证券交易所,0.156
2026-06-04,CSI 500,000905,000528,000528.SZ,柳工,Guangxi Liugong Machinery Co Ltd,Shenzhen Stock Exchange,深圳证券交易所,0.139
2026-06-04,CSI 500,000905,000537,000537.SZ,绿发电力,"Green Development Electricity Group of Tianjin Co., Ltd",Shenzhen Stock Exchange,深圳证券交易所,0.086
2026-06-04,CSI 500,000905,000539,000539.SZ,粤电力A,Guangdong Electric Power Development Co Ltd,Shenzhen Stock Exchange,深圳证券交易所,0.075
2026-06-04,CSI 500,000905,000559,000559.SZ,万向钱潮,Wanxiang Qianchao Co Ltd,Shenzhen Stock Exchange,深圳证券交易所,0.186
2026-06-04,CSI 500,000905,000563,000563.SZ,陕国投A,"Shaanxi International Trust Co.,Ltd",Shenzhen Stock Exchange,深圳证券交易所,0.087
2026-06-04,CSI 500,000905,000582,000582.SZ,北部湾港,"Beibuwan Port Co.,Ltd.",Shenzhen Stock Exchange,深圳证券交易所,0.13
2026-06-04,CSI 500,000905,000591,000591.SZ,太阳能,"CECEP Solar Energy Co.,Ltd.",Shenzhen Stock Exchange,深圳证券交易所,0.158
2026-06-04,CSI 500,000905,000598,000598.SZ,兴蓉环境,"Chengdu Xingrong Environment Co., Ltd.",Shenzhen Stock Exchange,深圳证券交易所,0.099
2026-06-04,CSI 500,000905,000623,000623.SZ,吉林敖东,"Jilin Aodong Pharmaceutical Group Co., Ltd.",Shenzhen Stock Exchange,深圳证券交易所,0.157
2026-06-04,CSI 500,000905,000629,000629.SZ,钒钛股份,"Pangang Group Vanadium Titanium & Resources Co., Ltd.",Shenzhen Stock Exchange,深圳证券交易所,0.151
2026-06-04,CSI 500,000905,000657,000657.SZ,中钨高新,China Tungsten and Hightech Materials Co Ltd,Shenzhen Stock Exchange,深圳证券交易所,0.588
2026-06-04,CSI 500,000905,000683,000683.SZ,博源化工,Inner Mongolia Berun Chemical Company Limited,Shenzhen Stock Exchange,深圳证券交易所,0.178
2026-06-04,CSI 500,000905,000703,000703.SZ,恒逸石化,Hengyi Petrochemical Co Ltd,Shenzhen Stock Exchange,深圳证券交易所,0.28
2026-06-04,CSI 500,000905,000709,000709.SZ,河钢股份,HESTEEL COMPANY LIMITED,Shenzhen Stock Exchange,深圳证券交易所,0.087
2026-06-04,CSI 500,000905,000723,000723.SZ,美锦能源,"Shanxi Meijin Energy Co.,Ltd.",Shenzhen Stock Exchange,深圳证券交易所,0.127
2026-06-04,CSI 500,000905,000728,000728.SZ,国元证券,Guoyuan Securities Company Limited,Shenzhen Stock Exchange,深圳证券交易所,0.177
2026-06-04,CSI 500,000905,000729,000729.SZ,燕京啤酒,Beijing Yanjing Brewery Co Ltd,Shenzhen Stock Exchange,深圳证券交易所,0.171
2026-06-04,CSI 500,000905,000733,000733.SZ,振华科技,China Zhenhua (Group) Science & Technology Co Ltd,Shenzhen Stock Exchange,深圳证券交易所,0.19
2026-06-04,CSI 500,000905,000738,000738.SZ,航发控制,"AECC AERO-ENGINE CONTROL CO.,LTD.",Shenzhen Stock Exchange,深圳证券交易所,0.143
2026-06-04,CSI 500,000905,000739,000739.SZ,普洛药业,"Apeloa Pharmaceutical Co., Ltd.",Shenzhen Stock Exchange,深圳证券交易所,0.091
2026-06-04,CSI 500,000905,000750,000750.SZ,国海证券,"Sealand Securities Co., Ltd.",Shenzhen Stock Exchange,深圳证券交易所,0.158
2026-06-04,CSI 500,000905,000783,000783.SZ,长江证券,Changjiang Securities Company Limited,Shenzhen Stock Exchange,深圳证券交易所,0.256
2026-06-04,CSI 500,000905,000785,000785.SZ,居然智家,"EASYHOME NEW RETAIL GROUP CO., LTD",Shenzhen Stock Exchange,深圳证券交易所,0.057
2026-06-04,CSI 500,000905,000825,000825.SZ,太钢不锈,Shanxi Taigang Stainless Steel Co Ltd,Shenzhen Stock Exchange,深圳证券交易所,0.084
2026-06-04,CSI 500,000905,000830,000830.SZ,鲁西化工,"Luxi Chemical Group Co.,Ltd.",Shenzhen Stock Exchange,深圳证券交易所,0.141
2026-06-04,CSI 500,000905,000831,000831.SZ,中国稀土,"CHINA RARE EARTH RESOURCES AND TECHNOLOGY CO., LTD.",Shenzhen Stock Exchange,深圳证券交易所,0.344
2026-06-04,CSI 500,000905,000878,000878.SZ,云南铜业,Yunnan Copper Co Ltd,Shenzhen Stock Exchange,深圳证券交易所,0.245
2026-06-04,CSI 500,000905,000883,000883.SZ,湖北能源,Hubei Energy Group Co Ltd,Shenzhen Stock Exchange,深圳证券交易所,0.107
2026-06-04,CSI 500,000905,000887,000887.SZ,中鼎股份,"Anhui Zhongding Sealing Parts Co.,Ltd.",Shenzhen Stock Exchange,深圳证券交易所,0.159
2026-06-04,CSI 500,000905,000893,000893.SZ,亚钾国际,"Asia-Potash International Investment (Guangzhou) Co., Ltd.",Shenzhen Stock Exchange,深圳证券交易所,0.233
2026-06-04,CSI 500,000905,000898,000898.SZ,鞍钢股份,Angang Steel Co Ltd,Shenzhen Stock Exchange,深圳证券交易所,0.046
2026-06-04,CSI 500,000905,000921,000921.SZ,海信家电,"HISENSE HOME APPLIANCES GROUP CO.,LTD.",Shenzhen Stock Exchange,深圳证券交易所,0.108
2026-06-04,CSI 500,000905,000932,000932.SZ,华菱钢铁,Hunan Valin Steel Co Ltd,Shenzhen Stock Exchange,深圳证券交易所,0.131
2026-06-04,CSI 500,000905,000933,000933.SZ,神火股份,Henan Shen Huo Coal Industry and Electricity Power Co Ltd,Shenzhen Stock Exchange,深圳证券交易所,0.434
2026-06-04,CSI 500,000905,000937,000937.SZ,冀中能源,Jizhong Energy Resources Co Ltd,Shenzhen Stock Exchange,深圳证券交易所,0.055
2026-06-04,CSI 500,000905,000951,000951.SZ,中国重汽,CNHTC Jinan Truck Co Ltd,Shenzhen Stock Exchange,深圳证券交易所,0.12
2026-06-04,CSI 500,000905,000958,000958.SZ,电投产融,"SPIC Industry-Finance Holdings Co., Ltd",Shenzhen Stock Exchange,深圳证券交易所,0.09
2026-06-04,CSI 500,000905,000959,000959.SZ,首钢股份,Beijing Shougang Co Ltd,Shenzhen Stock Exchange,深圳证券交易所,0.053
2026-06-04,CSI 500,000905,000960,000960.SZ,锡业股份,Yunnan Tin Co Ltd,Shenzhen Stock Exchange,深圳证券交易所,0.351
2026-06-04,CSI 500,000905,000967,000967.SZ,盈峰环境,Infore Environment Technology Group Co. Ltd.,Shenzhen Stock Exchange,深圳证券交易所,0.128
2026-06-04,CSI 500,000905,000987,000987.SZ,越秀资本,"GUANGZHOU YUEXIU CAPITAL HOLDINGS GROUP CO., LTD.",Shenzhen Stock Exchange,深圳证券交易所,0.115
2026-06-04,CSI 500,000905,000997,000997.SZ,新 大 陆,"Newland Digital Technology Co.,Ltd.",Shenzhen Stock Exchange,深圳证券交易所,0.139
2026-06-04,CSI 500,000905,001213,001213.SZ,中铁特货,"China Railway Special Cargo Logistics Co., Ltd.",Shenzhen Stock Exchange,深圳证券交易所,0.032
2026-06-04,CSI 500,000905,001221,001221.SZ,悍高集团,"Higold Group Co.,LTD.",Shenzhen Stock Exchange,深圳证券交易所,0.018
2026-06-04,CSI 500,000905,001286,001286.SZ,陕西能源,"SHAANXI ENERGY INVESTMENT CO., LTD.",Shenzhen Stock Exchange,深圳证券交易所,0.091
2026-06-04,CSI 500,000905,001389,001389.SZ,广合科技,Delton Technology (Guangzhou) Inc.,Shenzhen Stock Exchange,深圳证券交易所,0.317
2026-06-04,CSI 500,000905,001696,001696.SZ,宗申动力,Chongqing Zongshen Power Machinery Co Ltd,Shenzhen Stock Exchange,深圳证券交易所,0.112
2026-06-04,CSI 500,000905,002007,002007.SZ,华兰生物,Hualan Biological Engineering INC,Shenzhen Stock Exchange,深圳证券交易所,0.143
2026-06-04,CSI 500,000905,002008,002008.SZ,大族激光,"Han's Laser Technology Industry Group Co., Ltd.",Shenzhen Stock Exchange,深圳证券交易所,1.03
2026-06-04,CSI 500,000905,002025,002025.SZ,航天电器,Guizhou Space Appliance Co Ltd,Shenzhen Stock Exchange,深圳证券交易所,0.169
2026-06-04,CSI 500,000905,002032,002032.SZ,苏泊尔,"Zhejiang Supor Co.,Ltd",Shenzhen Stock Exchange,深圳证券交易所,0.069
2026-06-04,CSI 500,000905,002044,002044.SZ,美年健康,"Meinian Onehealth Healthcare Holdings Co., Ltd.",Shenzhen Stock Exchange,深圳证券交易所,0.169
2026-06-04,CSI 500,000905,002056,002056.SZ,横店东磁,Hengdian Group DMEGC Magnetics Co Ltd,Shenzhen Stock Exchange,深圳证券交易所,0.195
2026-06-04,CSI 500,000905,002064,002064.SZ,华峰化学,"Huafon Chemical Co., Ltd.",Shenzhen Stock Exchange,深圳证券交易所,0.19
2026-06-04,CSI 500,000905,002065,002065.SZ,东华软件,"DHC Software Co.,Ltd.",Shenzhen Stock Exchange,深圳证券交易所,0.158
2026-06-04,CSI 500,000905,002078,002078.SZ,太阳纸业,Shan Dong Sun Paper Industry Joint Stock Co Ltd,Shenzhen Stock Exchange,深圳证券交易所,0.22
2026-06-04,CSI 500,000905,002080,002080.SZ,中材科技,Sinoma Science & Technology Co Ltd,Shenzhen Stock Exchange,深圳证券交易所,0.453
2026-06-04,CSI 500,000905,002085,002085.SZ,万丰奥威,"Zhejiang Wanfeng Auto Wheel Co.,Ltd.",Shenzhen Stock Exchange,深圳证券交易所,0.167
2026-06-04,CSI 500,000905,002120,002120.SZ,韵达股份,"YUNDA Holding Group CO., Ltd.",Shenzhen Stock Exchange,深圳证券交易所,0.095
2026-06-04,CSI 500,000905,002126,002126.SZ,银轮股份,Zhejiang Yinlun Machinery Co Ltd,Shenzhen Stock Exchange,深圳证券交易所,0.4
2026-06-04,CSI 500,000905,002128,002128.SZ,电投能源,INNER MONGOLIA DIAN TOU ENERGY CORPORATION LIMITED,Shenzhen Stock Exchange,深圳证券交易所,0.329
2026-06-04,CSI 500,000905,002130,002130.SZ,沃尔核材,Shenzhen Woer Heat-Shrinkable Material Co Ltd,Shenzhen Stock Exchange,深圳证券交易所,0.263
2026-06-04,CSI 500,000905,002131,002131.SZ,利欧股份,"LEO GROUP CO., LTD.",Shenzhen Stock Exchange,深圳证券交易所,0.384
2026-06-04,CSI 500,000905,002138,002138.SZ,顺络电子,Shenzhen Sunlord Electronics Co Ltd,Shenzhen Stock Exchange,深圳证券交易所,0.385
2026-06-04,CSI 500,000905,002152,002152.SZ,广电运通,GRG Banking Equipment Co Ltd,Shenzhen Stock Exchange,深圳证券交易所,0.123
2026-06-04,CSI 500,000905,002153,002153.SZ,石基信息,Beijing Shiji Information Technology Co Ltd,Shenzhen Stock Exchange,深圳证券交易所,0.064
2026-06-04,CSI 500,000905,002155,002155.SZ,湖南黄金,Hunan Gold Corporation Limited,Shenzhen Stock Exchange,深圳证券交易所,0.252
2026-06-04,CSI 500,000905,002156,002156.SZ,通富微电,"TongFu Microelectronics Co.,Ltd.",Shenzhen Stock Exchange,深圳证券交易所,0.76
2026-06-04,CSI 500,000905,002157,002157.SZ,正邦科技,Jiangxi Zhengbang Technology Co Ltd,Shenzhen Stock Exchange,深圳证券交易所,0.218
2026-06-04,CSI 500,000905,002185,002185.SZ,华天科技,Tianshui Huatian Technology Co Ltd,Shenzhen Stock Exchange,深圳证券交易所,0.47
2026-06-04,CSI 500,000905,002195,002195.SZ,岩山科技,"Shanghai Stonehill Technology Co., Ltd.",Shenzhen Stock Exchange,深圳证券交易所,0.413
2026-06-04,CSI 500,000905,002202,002202.SZ,金风科技,"GOLDWIND SCIENCE & TECHNOLOGY CO.,LTD.",Shenzhen Stock Exchange,深圳证券交易所,0.537
2026-06-04,CSI 500,000905,002203,002203.SZ,海亮股份,Zhejiang Hailiang Co Ltd,Shenzhen Stock Exchange,深圳证券交易所,0.268
2026-06-04,CSI 500,000905,002223,002223.SZ,鱼跃医疗,Jiangsu Yuyue Medical Equipment & Supply Co Ltd,Shenzhen Stock Exchange,深圳证券交易所,0.151
2026-06-04,CSI 500,000905,002244,002244.SZ,滨江集团,Hangzhou Binjiang Real Estate Group Co Ltd,Shenzhen Stock Exchange,深圳证券交易所,0.123
2026-06-04,CSI 500,000905,002261,002261.SZ,拓维信息,"Talkweb Information System Co.,Ltd.",Shenzhen Stock Exchange,深圳证券交易所,0.355
2026-06-04,CSI 500,000905,002262,002262.SZ,恩华药业,Jiangsu Nhwa Pharmaceutical Co Ltd,Shenzhen Stock Exchange,深圳证券交易所,0.117
2026-06-04,CSI 500,000905,002265,002265.SZ,建设工业,"Jianshe Industry Group (Yunnan) Co., Ltd.",Shenzhen Stock Exchange,深圳证券交易所,0.06
2026-06-04,CSI 500,000905,002266,002266.SZ,浙富控股,"ZHEFU HOLDING GROUP CO., LTD",Shenzhen Stock Exchange,深圳证券交易所,0.128
2026-06-04,CSI 500,000905,002271,002271.SZ,东方雨虹,Beijing Oriental Yuhong Waterproof Technology Co Ltd,Shenzhen Stock Exchange,深圳证券交易所,0.247
2026-06-04,CSI 500,000905,002273,002273.SZ,水晶光电,"Zhejiang Crystal-Optech Co., Ltd",Shenzhen Stock Exchange,深圳证券交易所,0.519
2026-06-04,CSI 500,000905,002281,002281.SZ,光迅科技,Accelink Technologies Co Ltd,Shenzhen Stock Exchange,深圳证券交易所,0.937
2026-06-04,CSI 500,000905,002294,002294.SZ,信立泰,Shenzhen Salubris Pharmaceuticals Co Ltd,Shenzhen Stock Exchange,深圳证券交易所,0.177
2026-06-04,CSI 500,000905,002299,002299.SZ,圣农发展,Fujian Sunner Development Co Ltd,Shenzhen Stock Exchange,深圳证券交易所,0.1
2026-06-04,CSI 500,000905,002312,002312.SZ,川发龙蟒,"Sichuan Development Lomon Co.,Ltd.",Shenzhen Stock Exchange,深圳证券交易所,0.097
2026-06-04,CSI 500,000905,002318,002318.SZ,久立特材,Zhejiang Jiuli Hi-tech Metals Co Ltd,Shenzhen Stock Exchange,深圳证券交易所,0.153
2026-06-04,CSI 500,000905,002335,002335.SZ,科华数据,"KEHUA DATA CO., LTD.",Shenzhen Stock Exchange,深圳证券交易所,0.194
2026-06-04,CSI 500,000905,002340,002340.SZ,格林美,Shenzhen Green Eco-manufacture Hi-tech Co Ltd,Shenzhen Stock Exchange,深圳证券交易所,0.379
2026-06-04,CSI 500,000905,002353,002353.SZ,杰瑞股份,Yantai Jereh Oilfield Services Group Co Ltd,Shenzhen Stock Exchange,深圳证券交易所,0.818
2026-06-04,CSI 500,000905,002372,002372.SZ,伟星新材,Zhejiang Weixing New Building Materials Co Ltd,Shenzhen Stock Exchange,深圳证券交易所,0.061
2026-06-04,CSI 500,000905,002385,002385.SZ,大北农,Beijing Dabeinong Technology Group Co Ltd,Shenzhen Stock Exchange,深圳证券交易所,0.109
2026-06-04,CSI 500,000905,002402,002402.SZ,和而泰,Shenzhen H&T Intelligent Control Co Ltd,Shenzhen Stock Exchange,深圳证券交易所,0.239
2026-06-04,CSI 500,000905,002409,002409.SZ,雅克科技,Jiangsu Yoke Technology Co Ltd,Shenzhen Stock Exchange,深圳证券交易所,0.292
2026-06-04,CSI 500,000905,002410,002410.SZ,广联达,Glodon Software Co Ltd,Shenzhen Stock Exchange,深圳证券交易所,0.155
2026-06-04,CSI 500,000905,002414,002414.SZ,高德红外,Wuhan Guide Infrared Co Ltd,Shenzhen Stock Exchange,深圳证券交易所,0.209
2026-06-04,CSI 500,000905,002423,002423.SZ,中粮资本,"COFCO CAPITAL HOLDINGS CO.,LTD.",Shenzhen Stock Exchange,深圳证券交易所,0.08
2026-06-04,CSI 500,000905,002429,002429.SZ,兆驰股份,Shenzhen MTC Co Ltd,Shenzhen Stock Exchange,深圳证券交易所,0.249
2026-06-04,CSI 500,000905,002430,002430.SZ,杭氧股份,"HANGZHOU OXYGEN PLANT GROUP CO., LTD.",Shenzhen Stock Exchange,深圳证券交易所,0.115
2026-06-04,CSI 500,000905,002432,002432.SZ,九安医疗,Andon Health Co Ltd,Shenzhen Stock Exchange,深圳证券交易所,0.236
2026-06-04,CSI 500,000905,002436,002436.SZ,兴森科技,Shenzhen Fastprint Circuit Tech Co Ltd,Shenzhen Stock Exchange,深圳证券交易所,0.624
2026-06-04,CSI 500,000905,002439,002439.SZ,启明星辰,Beijing Venustech Inc.,Shenzhen Stock Exchange,深圳证券交易所,0.097
2026-06-04,CSI 500,000905,002444,002444.SZ,巨星科技,Hangzhou Great Star Industrial Co Ltd,Shenzhen Stock Exchange,深圳证券交易所,0.22
2026-06-04,CSI 500,000905,002461,002461.SZ,珠江啤酒,Guangzhou Zhujiang Brewery Co Ltd,Shenzhen Stock Exchange,深圳证券交易所,0.042
2026-06-04,CSI 500,000905,002465,002465.SZ,海格通信,Guangzhou Haige Communications Group Incorporated Company,Shenzhen Stock Exchange,深圳证券交易所,0.298
2026-06-04,CSI 500,000905,002472,002472.SZ,双环传动,Zhejiang Shuanghuan Driveline Co Ltd,Shenzhen Stock Exchange,深圳证券交易所,0.253
2026-06-04,CSI 500,000905,002500,002500.SZ,山西证券,Shanxi Securities Co Ltd,Shenzhen Stock Exchange,深圳证券交易所,0.106
2026-06-04,CSI 500,000905,002508,002508.SZ,老板电器,Hangzhou Robam Appliances Co Ltd,Shenzhen Stock Exchange,深圳证券交易所,0.078
2026-06-04,CSI 500,000905,002517,002517.SZ,恺英网络,Taiya Shoes Co Ltd,Shenzhen Stock Exchange,深圳证券交易所,0.26
2026-06-04,CSI 500,000905,002532,002532.SZ,天山铝业,"TIANSHAN ALUMINUM GROUP CO.,LTD.",Shenzhen Stock Exchange,深圳证券交易所,0.395
2026-06-04,CSI 500,000905,002558,002558.SZ,巨人网络,"Giant Network Group Co., Ltd.",Shenzhen Stock Exchange,深圳证券交易所,0.335
2026-06-04,CSI 500,000905,002568,002568.SZ,百润股份,"SHANGHAI BAIRUN INVESTMENT HOLDING GROUP CO.,LTD.",Shenzhen Stock Exchange,深圳证券交易所,0.098
2026-06-04,CSI 500,000905,002583,002583.SZ,海能达,Hytera Communications Co Ltd,Shenzhen Stock Exchange,深圳证券交易所,0.087
2026-06-04,CSI 500,000905,002595,002595.SZ,豪迈科技,Shandong Himile Mechanical Science & Technology Co Ltd,Shenzhen Stock Exchange,深圳证券交易所,0.288
2026-06-04,CSI 500,000905,002603,002603.SZ,以岭药业,Shijiazhuang Yiling Pharmaceutical Co Ltd,Shenzhen Stock Exchange,深圳证券交易所,0.129
2026-06-04,CSI 500,000905,002607,002607.SZ,中公教育,"Offcn Education Technology Co., Ltd.",Shenzhen Stock Exchange,深圳证券交易所,0.113
2026-06-04,CSI 500,000905,002608,002608.SZ,江苏国信,Sainty Marine Corporation Ltd,Shenzhen Stock Exchange,深圳证券交易所,0.066
2026-06-04,CSI 500,000905,002624,002624.SZ,完美世界,"Perfect World Co., Ltd.",Shenzhen Stock Exchange,深圳证券交易所,0.181
2026-06-04,CSI 500,000905,002670,002670.SZ,国盛证券,GUOSHENG SECURITIES Inc.,Shenzhen Stock Exchange,深圳证券交易所,0.064
2026-06-04,CSI 500,000905,002673,002673.SZ,西部证券,"WESTERN SECURITIES CO., LTD",Shenzhen Stock Exchange,深圳证券交易所,0.168
2026-06-04,CSI 500,000905,002683,002683.SZ,广东宏大,"Guangdong Hongda Holdings Group Co., Ltd.",Shenzhen Stock Exchange,深圳证券交易所,0.139
2026-06-04,CSI 500,000905,002738,002738.SZ,中矿资源,"Sinomine Resource Group Co., Ltd.",Shenzhen Stock Exchange,深圳证券交易所,0.424
2026-06-04,CSI 500,000905,002739,002739.SZ,儒意电影,Ruyi Film Entertainment Company Limited,Shenzhen Stock Exchange,深圳证券交易所,0.129
2026-06-04,CSI 500,000905,002756,002756.SZ,永兴材料,"Yongxing Special Materials Technology Co.,Ltd.",Shenzhen Stock Exchange,深圳证券交易所,0.224
2026-06-04,CSI 500,000905,002773,002773.SZ,康弘药业,"Chengdu Kanghong Pharmaceutical Group Co., Ltd",Shenzhen Stock Exchange,深圳证券交易所,0.073
2026-06-04,CSI 500,000905,002797,002797.SZ,第一创业,"First Capital Securities Co., Ltd.",Shenzhen Stock Exchange,深圳证券交易所,0.279
2026-06-04,CSI 500,000905,002821,002821.SZ,凯莱英,"Asymchem Laboratories (Tianjin) Co., Ltd.",Shenzhen Stock Exchange,深圳证券交易所,0.223
2026-06-04,CSI 500,000905,002831,002831.SZ,裕同科技,"ShenZhen YUTO Packaging Technology Co., Ltd.",Shenzhen Stock Exchange,深圳证券交易所,0.135
2026-06-04,CSI 500,000905,002837,002837.SZ,英维克,"SHENZHEN ENVICOOL TECHNOLOGY CO.,LTD.",Shenzhen Stock Exchange,深圳证券交易所,0.502
2026-06-04,CSI 500,000905,002841,002841.SZ,视源股份,Guangzhou Shiyuan Electronic Technology Company Limited,Shenzhen Stock Exchange,深圳证券交易所,0.145
2026-06-04,CSI 500,000905,002850,002850.SZ,科达利,"Shenzhen Kedali Industry Co., Ltd.",Shenzhen Stock Exchange,深圳证券交易所,0.316
2026-06-04,CSI 500,000905,002851,002851.SZ,麦格米特,"Shenzhen Megmeet Electrical Co., Ltd.",Shenzhen Stock Exchange,深圳证券交易所,0.487
2026-06-04,CSI 500,000905,002926,002926.SZ,华西证券,"Huaxi Securities Co., Ltd.",Shenzhen Stock Exchange,深圳证券交易所,0.121
2026-06-04,CSI 500,000905,002939,002939.SZ,长城证券,"CHINA GREAT WALL SECURITIES CO., LTD.",Shenzhen Stock Exchange,深圳证券交易所,0.13
2026-06-04,CSI 500,000905,002945,002945.SZ,华林证券,"ChinaLin Securities Co., Ltd.",Shenzhen Stock Exchange,深圳证券交易所,0.037
2026-06-04,CSI 500,000905,002958,002958.SZ,青农商行,Qingdao Rural Commercial Bank Corporation,Shenzhen Stock Exchange,深圳证券交易所,0.121
2026-06-04,CSI 500,000905,002966,002966.SZ,苏州银行,"BANK OF SUZHOU CO., LTD.",Shenzhen Stock Exchange,深圳证券交易所,0.346
2026-06-04,CSI 500,000905,002984,002984.SZ,森麒麟,"QINGDAO SENTURY TIRE CO., LTD.",Shenzhen Stock Exchange,深圳证券交易所,0.09
2026-06-04,CSI 500,000905,003021,003021.SZ,兆威机电,"SHENZHEN ZHAOWEI MACHINERY&ELECTRONIC CO.,LTD",Shenzhen Stock Exchange,深圳证券交易所,0.088
2026-06-04,CSI 500,000905,003022,003022.SZ,联泓新科,Levima Advanced Materials Corporation,Shenzhen Stock Exchange,深圳证券交易所,0.094
2026-06-04,CSI 500,000905,003031,003031.SZ,中瓷电子,"HEBEI SINOPACK ELECTRONIC TECHNOLOGY CO.,LTD.",Shenzhen Stock Exchange,深圳证券交易所,0.243
2026-06-04,CSI 500,000905,003035,003035.SZ,南网能源,"China Southern Power Grid Energy Efficiency&Clean Energy Co.,Ltd.",Shenzhen Stock Exchange,深圳证券交易所,0.081
2026-06-04,CSI 500,000905,300001,300001.SZ,特锐德,Qingdao TGOOD Electric Co Ltd,Shenzhen Stock Exchange,深圳证券交易所,0.274
2026-06-04,CSI 500,000905,300002,300002.SZ,神州泰岳,Beijing Ultrapower Software Co Ltd,Shenzhen Stock Exchange,深圳证券交易所,0.147
2026-06-04,CSI 500,000905,300003,300003.SZ,乐普医疗,Lepu Medical Technology (Beijing) Co Ltd,Shenzhen Stock Exchange,深圳证券交易所,0.154
2026-06-04,CSI 500,000905,300012,300012.SZ,华测检测,"CENTRE TESTING INTERNATIONAL GROUP CO., LTD.",Shenzhen Stock Exchange,深圳证券交易所,0.229
2026-06-04,CSI 500,000905,300017,300017.SZ,网宿科技,"Wangsu Science and Technology Co.,Ltd.",Shenzhen Stock Exchange,深圳证券交易所,0.347
2026-06-04,CSI 500,000905,300024,300024.SZ,机器人,Siasun Robot & Automation Co Ltd,Shenzhen Stock Exchange,深圳证券交易所,0.176
2026-06-04,CSI 500,000905,300037,300037.SZ,新宙邦,Shenzhen Capchem Technology Co Ltd,Shenzhen Stock Exchange,深圳证券交易所,0.366
2026-06-04,CSI 500,000905,300054,300054.SZ,鼎龙股份,"Hubei Dinglong CO.,Ltd.",Shenzhen Stock Exchange,深圳证券交易所,0.481
2026-06-04,CSI 500,000905,300058,300058.SZ,蓝色光标,"Bluefocus Data Technology Co., Ltd.",Shenzhen Stock Exchange,深圳证券交易所,0.569
2026-06-04,CSI 500,000905,300070,300070.SZ,碧水源,Beijing Originwater Technology Co Ltd,Shenzhen Stock Exchange,深圳证券交易所,0.073
2026-06-04,CSI 500,000905,300073,300073.SZ,当升科技,Beijing Easpring Material Technology Co Ltd,Shenzhen Stock Exchange,深圳证券交易所,0.23
2026-06-04,CSI 500,000905,300100,300100.SZ,双林股份,"Shuanglin Co.,Ltd.",Shenzhen Stock Exchange,深圳证券交易所,0.099
2026-06-04,CSI 500,000905,300115,300115.SZ,长盈精密,Shenzhen Evenwin Precision Technology Co Ltd,Shenzhen Stock Exchange,深圳证券交易所,0.301
2026-06-04,CSI 500,000905,300136,300136.SZ,信维通信,Shenzhen Sunway Communication Co Ltd,Shenzhen Stock Exchange,深圳证券交易所,0.906
2026-06-04,CSI 500,000905,300140,300140.SZ,节能环境,"CECEP ENVIRONMENTAL PROTECTION CO.,LTD.",Shenzhen Stock Exchange,深圳证券交易所,0.035
2026-06-04,CSI 500,000905,300142,300142.SZ,沃森生物,Walvax Biotechnology Co Ltd,Shenzhen Stock Exchange,深圳证券交易所,0.195
2026-06-04,CSI 500,000905,300144,300144.SZ,宋城演艺,"SONGCHENG PERFORMANCE DEVELOPMENT CO., LTD.",Shenzhen Stock Exchange,深圳证券交易所,0.101
2026-06-04,CSI 500,000905,300146,300146.SZ,汤臣倍健,"BY-HEALTH CO., LTD",Shenzhen Stock Exchange,深圳证券交易所,0.094
2026-06-04,CSI 500,000905,300207,300207.SZ,欣旺达,Sunwoda Electronic Co Ltd,Shenzhen Stock Exchange,深圳证券交易所,0.32
2026-06-04,CSI 500,000905,300223,300223.SZ,北京君正,Ingenic Semiconductor Co Ltd,Shenzhen Stock Exchange,深圳证券交易所,0.505
2026-06-04,CSI 500,000905,300285,300285.SZ,国瓷材料,"Shandong Sinocera Functional Material Co., Ltd",Shenzhen Stock Exchange,深圳证券交易所,0.384
2026-06-04,CSI 500,000905,300339,300339.SZ,润和软件,"Jiangsu Hoperun Software Co., Ltd.",Shenzhen Stock Exchange,深圳证券交易所,0.304
2026-06-04,CSI 500,000905,300346,300346.SZ,南大光电,"Jiangsu Nata Opto-electronic Material Co.,Ltd",Shenzhen Stock Exchange,深圳证券交易所,0.338
2026-06-04,CSI 500,000905,300373,300373.SZ,扬杰科技,"Yangzhou Yangjie Electronic Technology Co.,Ltd",Shenzhen Stock Exchange,深圳证券交易所,0.331
2026-06-04,CSI 500,000905,300383,300383.SZ,光环新网,"Beijing Sinnet Technology Co., Ltd.",Shenzhen Stock Exchange,深圳证券交易所,0.186
2026-06-04,CSI 500,000905,300390,300390.SZ,天华新能,"Canmax Technologies Co., Ltd.",Shenzhen Stock Exchange,深圳证券交易所,0.462
2026-06-04,CSI 500,000905,300395,300395.SZ,菲利华,HUBEI FEILIHUA QUARTZ GLASS CO.LTD,Shenzhen Stock Exchange,深圳证券交易所,0.53
2026-06-04,CSI 500,000905,300432,300432.SZ,富临精工,"Mianyang Fulin Precision Co.,Ltd.",Shenzhen Stock Exchange,深圳证券交易所,0.222
2026-06-04,CSI 500,000905,300450,300450.SZ,先导智能,"WUXI LEAD INTELLIGENT EQUIPMENT CO., LTD.",Shenzhen Stock Exchange,深圳证券交易所,0.529
2026-06-04,CSI 500,000905,300454,300454.SZ,深信服,Sangfor Technologies Inc.,Shenzhen Stock Exchange,深圳证券交易所,0.256
2026-06-04,CSI 500,000905,300458,300458.SZ,全志科技,"All Winner Technology Co., Ltd.",Shenzhen Stock Exchange,深圳证券交易所,0.228
2026-06-04,CSI 500,000905,300474,300474.SZ,景嘉微,"Changsha Jingjia Microelectronics Co., Ltd.",Shenzhen Stock Exchange,深圳证券交易所,0.201
2026-06-04,CSI 500,000905,300487,300487.SZ,蓝晓科技,"SUNRESIN NEW MATERIALS CO.,LTD, XI' AN",Shenzhen Stock Exchange,深圳证券交易所,0.144
2026-06-04,CSI 500,000905,300496,300496.SZ,中科创达,"Thunder Software Technology Co., Ltd.",Shenzhen Stock Exchange,深圳证券交易所,0.221
2026-06-04,CSI 500,000905,300529,300529.SZ,健帆生物,"Jafron Biomedical Co.,Ltd.",Shenzhen Stock Exchange,深圳证券交易所,0.083
2026-06-04,CSI 500,000905,300558,300558.SZ,贝达药业,"Betta Pharmaceuticals Co.,Ltd",Shenzhen Stock Exchange,深圳证券交易所,0.126
2026-06-04,CSI 500,000905,300567,300567.SZ,精测电子,"Wuhan Jingce Electronic Technology Co., Ltd.",Shenzhen Stock Exchange,深圳证券交易所,0.361
2026-06-04,CSI 500,000905,300570,300570.SZ,太辰光,"T&S Communications Co., Ltd.",Shenzhen Stock Exchange,深圳证券交易所,0.25
2026-06-04,CSI 500,000905,300601,300601.SZ,康泰生物,"Shenzhen Kangtai Biological Products Co., Ltd.",Shenzhen Stock Exchange,深圳证券交易所,0.081
2026-06-04,CSI 500,000905,300604,300604.SZ,长川科技,"Hangzhou Chang Chuan Technology Co.,Ltd.",Shenzhen Stock Exchange,深圳证券交易所,0.888
2026-06-04,CSI 500,000905,300623,300623.SZ,捷捷微电,"Jiangsu Jiejie Microelectronics Co., Ltd",Shenzhen Stock Exchange,深圳证券交易所,0.16
2026-06-04,CSI 500,000905,300627,300627.SZ,华测导航,SHANGHAI HUACE NAVIGATION TECHNOLOGY LTD,Shenzhen Stock Exchange,深圳证券交易所,0.145
2026-06-04,CSI 500,000905,300676,300676.SZ,华大基因,"BGI Genomics Co., Ltd",Shenzhen Stock Exchange,深圳证券交易所,0.102
2026-06-04,CSI 500,000905,300677,300677.SZ,英科医疗,"Intco Medical Technology Co.,Ltd.",Shenzhen Stock Exchange,深圳证券交易所,0.189
2026-06-04,CSI 500,000905,300679,300679.SZ,电连技术,"Electric Connector Technology Co., Ltd.",Shenzhen Stock Exchange,深圳证券交易所,0.159
2026-06-04,CSI 500,000905,300699,300699.SZ,光威复材,"Weihai Guangwei Composites Co.,Ltd.",Shenzhen Stock Exchange,深圳证券交易所,0.165
2026-06-04,CSI 500,000905,300718,300718.SZ,长盛轴承,"Zhejiang Changsheng Sliding Bearings Co., Ltd.",Shenzhen Stock Exchange,深圳证券交易所,0.082
2026-06-04,CSI 500,000905,300724,300724.SZ,捷佳伟创,Shenzhen S.C New Energy Technology Corporation,Shenzhen Stock Exchange,深圳证券交易所,0.213
2026-06-04,CSI 500,000905,300735,300735.SZ,光弘科技,"DBG Technology Co., Ltd.",Shenzhen Stock Exchange,深圳证券交易所,0.087
2026-06-04,CSI 500,000905,300748,300748.SZ,金力永磁,"JL MAG RARE-EARTH CO., LTD.",Shenzhen Stock Exchange,深圳证券交易所,0.21
2026-06-04,CSI 500,000905,300751,300751.SZ,迈为股份,"Suzhou Maxwell Technologies Co., Ltd.",Shenzhen Stock Exchange,深圳证券交易所,0.397
2026-06-04,CSI 500,000905,300757,300757.SZ,罗博特科,"RoboTechnik Intelligent Technology Co., LTD",Shenzhen Stock Exchange,深圳证券交易所,0.61
2026-06-04,CSI 500,000905,300763,300763.SZ,锦浪科技,"Ginlong Technologies Co., Ltd.",Shenzhen Stock Exchange,深圳证券交易所,0.26
2026-06-04,CSI 500,000905,300857,300857.SZ,协创数据,"SHARETRONIC DATA TECHNOLOGY CO.,LTD.",Shenzhen Stock Exchange,深圳证券交易所,0.771
2026-06-04,CSI 500,000905,300888,300888.SZ,稳健医疗,"Winner Medical Co., Ltd.",Shenzhen Stock Exchange,深圳证券交易所,0.065
2026-06-04,CSI 500,000905,300919,300919.SZ,中伟新材,"CNGR Advanced Material Co.,Ltd.",Shenzhen Stock Exchange,深圳证券交易所,0.233
2026-06-04,CSI 500,000905,300957,300957.SZ,贝泰妮,"Yunnan Botanee Bio-Technology Group Co., Ltd.",Shenzhen Stock Exchange,深圳证券交易所,0.076
2026-06-04,CSI 500,000905,300972,300972.SZ,万辰集团,"Fujian Wanchen Food Group Co., Ltd.",Shenzhen Stock Exchange,深圳证券交易所,0.163
2026-06-04,CSI 500,000905,301200,301200.SZ,大族数控,"Shenzhen Han's CNC Technology Co., Ltd.",Shenzhen Stock Exchange,深圳证券交易所,0.169
2026-06-04,CSI 500,000905,301301,301301.SZ,川宁生物,"Yili Chuanning Biotechnology Co., Ltd.",Shenzhen Stock Exchange,深圳证券交易所,0.056
2026-06-04,CSI 500,000905,301308,301308.SZ,江波龙,"Shenzhen Longsys Electronics Co., Ltd.",Shenzhen Stock Exchange,深圳证券交易所,0.877
2026-06-04,CSI 500,000905,301358,301358.SZ,湖南裕能,"Hunan Yuneng New Energy Battery Material Co.,Ltd.",Shenzhen Stock Exchange,深圳证券交易所,0.354
2026-06-04,CSI 500,000905,301498,301498.SZ,乖宝宠物,"Gambol Pet Group Co., Ltd.",Shenzhen Stock Exchange,深圳证券交易所,0.05
2026-06-04,CSI 500,000905,301536,301536.SZ,星宸科技,SigmaStar Technology Ltd.,Shenzhen Stock Exchange,深圳证券交易所,0.132
2026-06-04,CSI 500,000905,301611,301611.SZ,珂玛科技,"Suzhou Kematek, Inc.",Shenzhen Stock Exchange,深圳证券交易所,0.153
2026-06-04,CSI 500,000905,600004,600004.SS,白云机场,Guangzhou Baiyun International Airport Co Ltd,Shanghai Stock Exchange,上海证券交易所,0.081
2026-06-04,CSI 500,000905,600007,600007.SS,中国国贸,China World Trade Center Co Ltd,Shanghai Stock Exchange,上海证券交易所,0.041
2026-06-04,CSI 500,000905,600008,600008.SS,首创环保,"Beijing Capital Eco-Environment Protection GroupCo.,Ltd.",Shanghai Stock Exchange,上海证券交易所,0.132
2026-06-04,CSI 500,000905,600021,600021.SS,上海电力,Shanghai Electric Power Co Ltd,Shanghai Stock Exchange,上海证券交易所,0.298
2026-06-04,CSI 500,000905,600032,600032.SS,浙江新能,"Zhejiang Provincial New Energy Investment Group Co., Ltd.",Shanghai Stock Exchange,上海证券交易所,0.073
2026-06-04,CSI 500,000905,600038,600038.SS,中直股份,"AVIC Helicopter Co.,Ltd.",Shanghai Stock Exchange,上海证券交易所,0.107
2026-06-04,CSI 500,000905,600060,600060.SS,海信视像,"Hisense Visual Technology Co., Ltd.",Shanghai Stock Exchange,上海证券交易所,0.192
2026-06-04,CSI 500,000905,600062,600062.SS,华润双鹤,"CHINA RESOURCES DOUBLE-CRANE PHARMACEUTICAL CO.,LTD.",Shanghai Stock Exchange,上海证券交易所,0.066
2026-06-04,CSI 500,000905,600095,600095.SS,湘财股份,"XIANGCAI CO.,LTD",Shanghai Stock Exchange,上海证券交易所,0.092
2026-06-04,CSI 500,000905,600096,600096.SS,云天化,Yunnan Yuntianhua Co Ltd,Shanghai Stock Exchange,上海证券交易所,0.371
2026-06-04,CSI 500,000905,600098,600098.SS,广州发展,Guangzhou Development Group Incorporated,Shanghai Stock Exchange,上海证券交易所,0.08
2026-06-04,CSI 500,000905,600109,600109.SS,国金证券,Sinolink Securities Co. Ltd.,Shanghai Stock Exchange,上海证券交易所,0.213
2026-06-04,CSI 500,000905,600118,600118.SS,中国卫星,China Spacesat Co Ltd,Shanghai Stock Exchange,上海证券交易所,0.432
2026-06-04,CSI 500,000905,600126,600126.SS,杭钢股份,Hang Zhou Iron & Steel Co Ltd,Shanghai Stock Exchange,上海证券交易所,0.101
2026-06-04,CSI 500,000905,600131,600131.SS,国网信通,"State Grid Information&Communication Co.,Ltd.",Shanghai Stock Exchange,上海证券交易所,0.099
2026-06-04,CSI 500,000905,600132,600132.SS,重庆啤酒,Chongqing Brewery Co Ltd,Shanghai Stock Exchange,上海证券交易所,0.122
2026-06-04,CSI 500,000905,600141,600141.SS,兴发集团,Hubei Xingfa Chemicals Group Co Ltd,Shanghai Stock Exchange,上海证券交易所,0.25
2026-06-04,CSI 500,000905,600143,600143.SS,金发科技,Kingfa Sci&Tech Co Ltd,Shanghai Stock Exchange,上海证券交易所,0.338
2026-06-04,CSI 500,000905,600153,600153.SS,建发股份,Xiamen C&D Inc,Shanghai Stock Exchange,上海证券交易所,0.16
2026-06-04,CSI 500,000905,600157,600157.SS,永泰能源,"WINTIME ENERGY GROUP CO.,LTD.",Shanghai Stock Exchange,上海证券交易所,0.377
2026-06-04,CSI 500,000905,600166,600166.SS,福田汽车,Beiqi Foton Motor Co Ltd,Shanghai Stock Exchange,上海证券交易所,0.132
2026-06-04,CSI 500,000905,600170,600170.SS,上海建工,Shanghai Construction Co Ltd,Shanghai Stock Exchange,上海证券交易所,0.127
2026-06-04,CSI 500,000905,600171,600171.SS,上海贝岭,Shanghai Belling Corp Ltd,Shanghai Stock Exchange,上海证券交易所,0.156
2026-06-04,CSI 500,000905,600177,600177.SS,雅戈尔,Youngor Group Co Ltd,Shanghai Stock Exchange,上海证券交易所,0.164
2026-06-04,CSI 500,000905,600208,600208.SS,衢州发展,"Quzhou Xin'an Development Co.,Ltd.",Shanghai Stock Exchange,上海证券交易所,0.119
2026-06-04,CSI 500,000905,600282,600282.SS,南钢股份,Nanjing Iron & Steel Co Ltd,Shanghai Stock Exchange,上海证券交易所,0.115
2026-06-04,CSI 500,000905,600295,600295.SS,鄂尔多斯,"Inner Mongolia Eerduosi Resources Co.,Ltd.",Shanghai Stock Exchange,上海证券交易所,0.076
2026-06-04,CSI 500,000905,600298,600298.SS,安琪酵母,Angel Yeast Co Ltd,Shanghai Stock Exchange,上海证券交易所,0.211
2026-06-04,CSI 500,000905,600299,600299.SS,安迪苏,Bluestar Adisseo Company,Shanghai Stock Exchange,上海证券交易所,0.042
2026-06-04,CSI 500,000905,600312,600312.SS,平高电气,Henan Pinggao Electric Co Ltd,Shanghai Stock Exchange,上海证券交易所,0.164
2026-06-04,CSI 500,000905,600316,600316.SS,洪都航空,Jiangxi Hongdu Aviation Industry Co Ltd,Shanghai Stock Exchange,上海证券交易所,0.12
2026-06-04,CSI 500,000905,600329,600329.SS,达仁堂,Tianjin Pharmaceutical Da Ren Tang Group Corporation Limited,Shanghai Stock Exchange,上海证券交易所,0.11
2026-06-04,CSI 500,000905,600332,600332.SS,白云山,GUANGZHOU BAIYUNSHAN PHARMACEUTICAL HOLDINGS COMPANY LIMITED,Shanghai Stock Exchange,上海证券交易所,0.144
2026-06-04,CSI 500,000905,600339,600339.SS,中油工程,China Petroleum Engineering Corporation,Shanghai Stock Exchange,上海证券交易所,0.056
2026-06-04,CSI 500,000905,600348,600348.SS,华阳股份,"Shan Xi Hua Yang Group New Energy Co.,Ltd.",Shanghai Stock Exchange,上海证券交易所,0.159
2026-06-04,CSI 500,000905,600352,600352.SS,浙江龙盛,Zhejiang Longsheng Group Co Ltd,Shanghai Stock Exchange,上海证券交易所,0.277
2026-06-04,CSI 500,000905,600363,600363.SS,联创光电,Jiangxi Lianchuang Optoelectronic Science and Technology Co Ltd,Shanghai Stock Exchange,上海证券交易所,0.122
2026-06-04,CSI 500,000905,600369,600369.SS,西南证券,Southwest Securities Co Ltd,Shanghai Stock Exchange,上海证券交易所,0.151
2026-06-04,CSI 500,000905,600378,600378.SS,昊华科技,"Haohua Chemical Science & Technology Corp., Ltd.",Shanghai Stock Exchange,上海证券交易所,0.189
2026-06-04,CSI 500,000905,600380,600380.SS,健康元,Joincare Pharmaceutical Group Industry Co Ltd,Shanghai Stock Exchange,上海证券交易所,0.106
2026-06-04,CSI 500,000905,600390,600390.SS,五矿资本,Minmetals Capital Company Limited,Shanghai Stock Exchange,上海证券交易所,0.102
2026-06-04,CSI 500,000905,600392,600392.SS,盛和资源,"Shenghe Resources Holding Co.,Ltd.",Shanghai Stock Exchange,上海证券交易所,0.291
2026-06-04,CSI 500,000905,600398,600398.SS,海澜之家,"Heilan Home Co.,Ltd",Shanghai Stock Exchange,上海证券交易所,0.13
2026-06-04,CSI 500,000905,600435,600435.SS,北方导航,"North Navigation Control Technology Co., Ltd.",Shanghai Stock Exchange,上海证券交易所,0.119
2026-06-04,CSI 500,000905,600483,600483.SS,福能股份,"FUJIAN FUNENG CO., LTD",Shanghai Stock Exchange,上海证券交易所,0.121
2026-06-04,CSI 500,000905,600486,600486.SS,扬农化工,Jiangsu Yangnong Chemical Co Ltd,Shanghai Stock Exchange,上海证券交易所,0.132
2026-06-04,CSI 500,000905,600487,600487.SS,亨通光电,"Hengtong Optic-Electric Co.,Ltd",Shanghai Stock Exchange,上海证券交易所,1.444
2026-06-04,CSI 500,000905,600497,600497.SS,驰宏锌锗,Yunnan Chihong Zinc&Germanium Co Ltd,Shanghai Stock Exchange,上海证券交易所,0.273
2026-06-04,CSI 500,000905,600498,600498.SS,烽火通信,Fiberhome Telecommunication Technologies Co Ltd,Shanghai Stock Exchange,上海证券交易所,0.402
2026-06-04,CSI 500,000905,600499,600499.SS,科达制造,"Keda Industrial Group Co., Ltd.",Shanghai Stock Exchange,上海证券交易所,0.178
2026-06-04,CSI 500,000905,600511,600511.SS,国药股份,China National Medicines Corp Ltd,Shanghai Stock Exchange,上海证券交易所,0.099
2026-06-04,CSI 500,000905,600516,600516.SS,方大炭素,"Fangda Carbon New Material Co.,Ltd",Shanghai Stock Exchange,上海证券交易所,0.134
2026-06-04,CSI 500,000905,600517,600517.SS,国网英大,"STATE GRID YINGDA CO.,LTD.",Shanghai Stock Exchange,上海证券交易所,0.088
2026-06-04,CSI 500,000905,600521,600521.SS,华海药业,Zhejiang Huahai Pharmaceutical Co Ltd,Shanghai Stock Exchange,上海证券交易所,0.159
2026-06-04,CSI 500,000905,600528,600528.SS,中铁工业,China Railway Hi-tech Industry Corporation Limited,Shanghai Stock Exchange,上海证券交易所,0.078
2026-06-04,CSI 500,000905,600535,600535.SS,天士力,"TASLY PHARMACEUTICAL GROUP CO.,LTD",Shanghai Stock Exchange,上海证券交易所,0.1
2026-06-04,CSI 500,000905,600536,600536.SS,中国软件,China National Software & Service Co Ltd,Shanghai Stock Exchange,上海证券交易所,0.192
2026-06-04,CSI 500,000905,600546,600546.SS,山煤国际,"Shanxi Coal International Energy Group Co., Ltd",Shanghai Stock Exchange,上海证券交易所,0.131
2026-06-04,CSI 500,000905,600549,600549.SS,厦门钨业,Xiamen Tungsten Co Ltd,Shanghai Stock Exchange,上海证券交易所,0.573
2026-06-04,CSI 500,000905,600562,600562.SS,国睿科技,"Glarun Technology Co.,Ltd.",Shanghai Stock Exchange,上海证券交易所,0.113
2026-06-04,CSI 500,000905,600563,600563.SS,法拉电子,"Xiamen Faratronic Co.,Ltd.",Shanghai Stock Exchange,上海证券交易所,0.212
2026-06-04,CSI 500,000905,600566,600566.SS,济川药业,"HUBEI JUMPCAN PHARMACEUTICAL CO., LTD.",Shanghai Stock Exchange,上海证券交易所,0.096
2026-06-04,CSI 500,000905,600578,600578.SS,京能电力,"BEIJING JINGNENG POWER CO., LTD.",Shanghai Stock Exchange,上海证券交易所,0.179
2026-06-04,CSI 500,000905,600580,600580.SS,卧龙电驱,"Wolong Electric Group Co.,Ltd",Shanghai Stock Exchange,上海证券交易所,0.409
2026-06-04,CSI 500,000905,600582,600582.SS,天地科技,Tiandi Science & Technology Co Ltd,Shanghai Stock Exchange,上海证券交易所,0.085
2026-06-04,CSI 500,000905,600583,600583.SS,海油工程,Offshore Oil Engineering Co Ltd,Shanghai Stock Exchange,上海证券交易所,0.118
2026-06-04,CSI 500,000905,600598,600598.SS,北大荒,Heilongjiang Agriculture Co Ltd,Shanghai Stock Exchange,上海证券交易所,0.096
2026-06-04,CSI 500,000905,600601,600601.SS,方正科技,Founder Technology Group Corp.,Shanghai Stock Exchange,上海证券交易所,0.381
2026-06-04,CSI 500,000905,600602,600602.SS,云赛智联,INESA Intelligent Tech Inc.,Shanghai Stock Exchange,上海证券交易所,0.113
2026-06-04,CSI 500,000905,600606,600606.SS,绿地控股,Greenland Holdings Corporation Limited,Shanghai Stock Exchange,上海证券交易所,0.059
2026-06-04,CSI 500,000905,600637,600637.SS,东方明珠,"Shanghai Oriental Pearl Media Co., Ltd.",Shanghai Stock Exchange,上海证券交易所,0.186
2026-06-04,CSI 500,000905,600642,600642.SS,申能股份,Shenergy Co Ltd,Shanghai Stock Exchange,上海证券交易所,0.192
2026-06-04,CSI 500,000905,600655,600655.SS,豫园股份,"SHANGHAI YUYUAN TOURIST MART (GROUP) CO., LTD.",Shanghai Stock Exchange,上海证券交易所,0.088
2026-06-04,CSI 500,000905,600663,600663.SS,陆家嘴,Shanghai Lujiazui Finance and Trade Zone Development Co Ltd,Shanghai Stock Exchange,上海证券交易所,0.081
2026-06-04,CSI 500,000905,600673,600673.SS,东阳光,"GUANGDONG HEC TECHNOLOGY HOLDING CO., LTD",Shanghai Stock Exchange,上海证券交易所,0.509
2026-06-04,CSI 500,000905,600685,600685.SS,中船防务,CSSC OFFSHORE & MARINE ENGINEERING (GROUP) COMPANY LIMITED,Shanghai Stock Exchange,上海证券交易所,0.11
2026-06-04,CSI 500,000905,600688,600688.SS,上海石化,Sinopec Shanghai Petrochemical Co Ltd,Shanghai Stock Exchange,上海证券交易所,0.057
2026-06-04,CSI 500,000905,600699,600699.SS,均胜电子,Ningbo Joyson Electronic Corp.,Shanghai Stock Exchange,上海证券交易所,0.243
2026-06-04,CSI 500,000905,600704,600704.SS,物产中大,Zhejiang Material Industrial Zhongda Yuantong Group Co Ltd,Shanghai Stock Exchange,上海证券交易所,0.146
2026-06-04,CSI 500,000905,600707,600707.SS,彩虹股份,Irico Display Devices Co Ltd,Shanghai Stock Exchange,上海证券交易所,0.133
2026-06-04,CSI 500,000905,600720,600720.SS,中交设计,"CCCC Design & Consulting Group Co., Ltd.",Shanghai Stock Exchange,上海证券交易所,0.053
2026-06-04,CSI 500,000905,600737,600737.SS,中粮糖业,"COFCO SUGAR HOLDING CO.,LTD.",Shanghai Stock Exchange,上海证券交易所,0.131
2026-06-04,CSI 500,000905,600739,600739.SS,辽宁成大,Liaoning Cheng Da Co Ltd,Shanghai Stock Exchange,上海证券交易所,0.094
2026-06-04,CSI 500,000905,600754,600754.SS,锦江酒店,"Shanghai Jin Jiang International Hotels Co.,Ltd.",Shanghai Stock Exchange,上海证券交易所,0.088
2026-06-04,CSI 500,000905,600763,600763.SS,通策医疗,TOPCHOICE MEDICAL CORPORATION,Shanghai Stock Exchange,上海证券交易所,0.111
2026-06-04,CSI 500,000905,600764,600764.SS,中国海防,China Shipbuilding Industry Group and Marine Defense Information Against Limited,Shanghai Stock Exchange,上海证券交易所,0.055
2026-06-04,CSI 500,000905,600765,600765.SS,中航重机,Avic Heavy Machinery Co Ltd,Shanghai Stock Exchange,上海证券交易所,0.149
2026-06-04,CSI 500,000905,600801,600801.SS,华新建材,"HUAXIN BUILDING MATERIALS GROUP CO., LTD.",Shanghai Stock Exchange,上海证券交易所,0.119
2026-06-04,CSI 500,000905,600808,600808.SS,马钢股份,Maanshan Iron and Steel Co Ltd,Shanghai Stock Exchange,上海证券交易所,0.067
2026-06-04,CSI 500,000905,600816,600816.SS,建元信托,"J-Yuan Trust Co.,Ltd.",Shanghai Stock Exchange,上海证券交易所,0.115
2026-06-04,CSI 500,000905,600820,600820.SS,隧道股份,Shanghai Tunnel Engineering Co Ltd,Shanghai Stock Exchange,上海证券交易所,0.12
2026-06-04,CSI 500,000905,600848,600848.SS,上海临港,Shanghai Lingang Holdings Corporation Limited,Shanghai Stock Exchange,上海证券交易所,0.081
2026-06-04,CSI 500,000905,600862,600862.SS,中航高科,"Avic Aviation High-Technology Co., Ltd.",Shanghai Stock Exchange,上海证券交易所,0.141
2026-06-04,CSI 500,000905,600863,600863.SS,华能蒙电,Inner Mongolia Mengdian Huaneng Thermal Power Corp Ltd,Shanghai Stock Exchange,上海证券交易所,0.217
2026-06-04,CSI 500,000905,600871,600871.SS,石化油服,Sinopec Oilfield Service Corporation,Shanghai Stock Exchange,上海证券交易所,0.089
2026-06-04,CSI 500,000905,600873,600873.SS,梅花生物,"Meihua Holdings Group Co., Ltd",Shanghai Stock Exchange,上海证券交易所,0.175
2026-06-04,CSI 500,000905,600879,600879.SS,航天电子,"China Aerospace Times Electronics Co.,Ltd.",Shanghai Stock Exchange,上海证券交易所,0.489
2026-06-04,CSI 500,000905,600884,600884.SS,杉杉股份,Ningbo Shanshan Co Ltd,Shanghai Stock Exchange,上海证券交易所,0.25
2026-06-04,CSI 500,000905,600885,600885.SS,宏发股份,"Hongfa Technology Co., Ltd.",Shanghai Stock Exchange,上海证券交易所,0.398
2026-06-04,CSI 500,000905,600901,600901.SS,江苏金租,"Jiangsu Financial Leasing Co.,Ltd.",Shanghai Stock Exchange,上海证券交易所,0.137
2026-06-04,CSI 500,000905,600906,600906.SS,财达证券,"CAIDA SECURITIES CO., LTD.",Shanghai Stock Exchange,上海证券交易所,0.082
2026-06-04,CSI 500,000905,600909,600909.SS,华安证券,"HUAAN SECURITIES CO., LTD.",Shanghai Stock Exchange,上海证券交易所,0.205
2026-06-04,CSI 500,000905,600927,600927.SS,永安期货,"Yongan Futures Co., Ltd.",Shanghai Stock Exchange,上海证券交易所,0.038
2026-06-04,CSI 500,000905,600959,600959.SS,江苏有线,Jiangsu Broadcasting Cable Information Network Corporation Limited,Shanghai Stock Exchange,上海证券交易所,0.084
2026-06-04,CSI 500,000905,600967,600967.SS,内蒙一机,"Inner Mongolia First Machinery Group Co.,Ltd.",Shanghai Stock Exchange,上海证券交易所,0.102
2026-06-04,CSI 500,000905,600968,600968.SS,海油发展,CNOOC Energy Technology & Services Limited,Shanghai Stock Exchange,上海证券交易所,0.076
2026-06-04,CSI 500,000905,600970,600970.SS,中材国际,Sinoma International Engineering Co Ltd,Shanghai Stock Exchange,上海证券交易所,0.11
2026-06-04,CSI 500,000905,600977,600977.SS,中国电影,"CHINA FILM CO., LTD.",Shanghai Stock Exchange,上海证券交易所,0.103
2026-06-04,CSI 500,000905,600985,600985.SS,淮北矿业,"Huaibei Mining Holdings Co.,Ltd.",Shanghai Stock Exchange,上海证券交易所,0.151
2026-06-04,CSI 500,000905,600988,600988.SS,赤峰黄金,Chifeng Jilong Gold Mining Group Limited,Shanghai Stock Exchange,上海证券交易所,0.527
2026-06-04,CSI 500,000905,600995,600995.SS,南网储能,"China Southern Power Grid Energy Storage Co.,Ltd",Shanghai Stock Exchange,上海证券交易所,0.142
2026-06-04,CSI 500,000905,600998,600998.SS,九州通,Jointown Pharmaceutical Group Co Ltd,Shanghai Stock Exchange,上海证券交易所,0.115
2026-06-04,CSI 500,000905,601000,601000.SS,唐山港,Tangshan Port Group Co Ltd,Shanghai Stock Exchange,上海证券交易所,0.123
2026-06-04,CSI 500,000905,601001,601001.SS,晋控煤业,"Jinneng Holding Shanxi Coal Industry Co.,Ltd",Shanghai Stock Exchange,上海证券交易所,0.146
2026-06-04,CSI 500,000905,601016,601016.SS,节能风电,CECEP Wind-Power Corporation,Shanghai Stock Exchange,上海证券交易所,0.185
2026-06-04,CSI 500,000905,601019,601019.SS,山东出版,"Shandong Publishing&Media Co.,Ltd",Shanghai Stock Exchange,上海证券交易所,0.043
2026-06-04,CSI 500,000905,601061,601061.SS,中信金属,"CITIC Metal Co., Ltd",Shanghai Stock Exchange,上海证券交易所,0.067
2026-06-04,CSI 500,000905,601098,601098.SS,中南传媒,China South Publishing & Media Group Co Ltd,Shanghai Stock Exchange,上海证券交易所,0.074
2026-06-04,CSI 500,000905,601099,601099.SS,太平洋,The Pacific Securities Co.Ltd,Shanghai Stock Exchange,上海证券交易所,0.217
2026-06-04,CSI 500,000905,601106,601106.SS,中国一重,China First Heavy Industries Co Ltd,Shanghai Stock Exchange,上海证券交易所,0.121
2026-06-04,CSI 500,000905,601108,601108.SS,财通证券,"CAITONG SECURITIES CO.,LTD.",Shanghai Stock Exchange,上海证券交易所,0.242
2026-06-04,CSI 500,000905,601118,601118.SS,海南橡胶,China Hainan Rubber Industry Group Co Ltd,Shanghai Stock Exchange,上海证券交易所,0.104
2026-06-04,CSI 500,000905,601128,601128.SS,常熟银行,"Jiangsu Changshu Rural Commercial Bank Co., Ltd.",Shanghai Stock Exchange,上海证券交易所,0.223
2026-06-04,CSI 500,000905,601139,601139.SS,深圳燃气,Shenzhen Gas Co Ltd,Shanghai Stock Exchange,上海证券交易所,0.053
2026-06-04,CSI 500,000905,601155,601155.SS,新城控股,"Future Land Holdings Co., Ltd.",Shanghai Stock Exchange,上海证券交易所,0.113
2026-06-04,CSI 500,000905,601156,601156.SS,东航物流,"Eastern Air Logistics Co., Ltd.",Shanghai Stock Exchange,上海证券交易所,0.099
2026-06-04,CSI 500,000905,601162,601162.SS,天风证券,"TIANFENG SECURITIES CO., LTD.",Shanghai Stock Exchange,上海证券交易所,0.224
2026-06-04,CSI 500,000905,601168,601168.SS,西部矿业,Western Mining Co Ltd,Shanghai Stock Exchange,上海证券交易所,0.483
2026-06-04,CSI 500,000905,601179,601179.SS,中国西电,China XD Electric Co Ltd,Shanghai Stock Exchange,上海证券交易所,0.403
2026-06-04,CSI 500,000905,601198,601198.SS,东兴证券,"DONGXING SECURITIES CO., LTD.",Shanghai Stock Exchange,上海证券交易所,0.246
2026-06-04,CSI 500,000905,601212,601212.SS,白银有色,"Baiyin Nonferrous Group Co., Ltd.",Shanghai Stock Exchange,上海证券交易所,0.176
2026-06-04,CSI 500,000905,601216,601216.SS,君正集团,"Inner Mongolia Junzheng Energy & Chemical Group Co.,Ltd.",Shanghai Stock Exchange,上海证券交易所,0.164
2026-06-04,CSI 500,000905,601228,601228.SS,广州港,GUANGZHOU PORT COMPANY LIMITED,Shanghai Stock Exchange,上海证券交易所,0.044
2026-06-04,CSI 500,000905,601231,601231.SS,环旭电子,"Universal Scientific Industrial (Shanghai) Co.,Ltd.",Shanghai Stock Exchange,上海证券交易所,0.305
2026-06-04,CSI 500,000905,601233,601233.SS,桐昆股份,Tongkun Group Co Ltd,Shanghai Stock Exchange,上海证券交易所,0.261
2026-06-04,CSI 500,000905,601333,601333.SS,广深铁路,Guangshen Railway Company Limited,Shanghai Stock Exchange,上海证券交易所,0.099
2026-06-04,CSI 500,000905,601399,601399.SS,国机重装,"Sinomach Heavy Equipment Group Co.,Ltd",Shanghai Stock Exchange,上海证券交易所,0.105
2026-06-04,CSI 500,000905,601555,601555.SS,东吴证券,Soochow Securities Co Ltd,Shanghai Stock Exchange,上海证券交易所,0.296
2026-06-04,CSI 500,000905,601567,601567.SS,三星电气,"Ningbo Sanxing Medical Electric Co.,Ltd.",Shanghai Stock Exchange,上海证券交易所,0.109
2026-06-04,CSI 500,000905,601577,601577.SS,长沙银行,"BANK OF CHANGSHA CO., LTD.",Shanghai Stock Exchange,上海证券交易所,0.217
2026-06-04,CSI 500,000905,601598,601598.SS,中国外运,Sinotrans Limited,Shanghai Stock Exchange,上海证券交易所,0.089
2026-06-04,CSI 500,000905,601608,601608.SS,中信重工,"CITIC HEAVY INDUSTRIES CO., LTD.",Shanghai Stock Exchange,上海证券交易所,0.097
2026-06-04,CSI 500,000905,601611,601611.SS,中国核建,China Nuclear Engineering Corporation Limited,Shanghai Stock Exchange,上海证券交易所,0.138
2026-06-04,CSI 500,000905,601615,601615.SS,明阳智能,MingYangSmartEnergyGroupLimited,Shanghai Stock Exchange,上海证券交易所,0.284
2026-06-04,CSI 500,000905,601665,601665.SS,齐鲁银行,"QILU BANK CO., LTD.",Shanghai Stock Exchange,上海证券交易所,0.249
2026-06-04,CSI 500,000905,601666,601666.SS,平煤股份,Pingdingshan Tianan Coal Mining Co Ltd,Shanghai Stock Exchange,上海证券交易所,0.11
2026-06-04,CSI 500,000905,601696,601696.SS,中银证券,"BOC International (China) Co., Ltd.",Shanghai Stock Exchange,上海证券交易所,0.18
2026-06-04,CSI 500,000905,601699,601699.SS,潞安环能,Shanxi Lu'an Environmental Energy Development Co Ltd,Shanghai Stock Exchange,上海证券交易所,0.182
2026-06-04,CSI 500,000905,601717,601717.SS,中创智领,ZMJ Group Company Limited,Shanghai Stock Exchange,上海证券交易所,0.186
2026-06-04,CSI 500,000905,601799,601799.SS,星宇股份,Changzhou Xingyu Automotive Lighting Systems Co Ltd,Shanghai Stock Exchange,上海证券交易所,0.172
2026-06-04,CSI 500,000905,601865,601865.SS,福莱特,"Flat Glass Group CO.,LTD.",Shanghai Stock Exchange,上海证券交易所,0.084
2026-06-04,CSI 500,000905,601866,601866.SS,中远海发,"COSCO SHIPPING Development Co.,Ltd.",Shanghai Stock Exchange,上海证券交易所,0.093
2026-06-04,CSI 500,000905,601880,601880.SS,辽港股份,"Liaoning Port Co., Ltd.",Shanghai Stock Exchange,上海证券交易所,0.113
2026-06-04,CSI 500,000905,601918,601918.SS,新集能源,SDIC Xinji Energy Co Ltd,Shanghai Stock Exchange,上海证券交易所,0.151
2026-06-04,CSI 500,000905,601921,601921.SS,浙版传媒,"Zhejiang Publishing & Media Co., Ltd.",Shanghai Stock Exchange,上海证券交易所,0.032
2026-06-04,CSI 500,000905,601928,601928.SS,凤凰传媒,Jiangsu Phoenix Publishing & Media Co Ltd,Shanghai Stock Exchange,上海证券交易所,0.065
2026-06-04,CSI 500,000905,601958,601958.SS,金钼股份,Jinduicheng Molybdenum Co Ltd,Shanghai Stock Exchange,上海证券交易所,0.222
2026-06-04,CSI 500,000905,601965,601965.SS,中国汽研,"China Automotive Engineering Research Institute Co., Ltd.",Shanghai Stock Exchange,上海证券交易所,0.06
2026-06-04,CSI 500,000905,601966,601966.SS,玲珑轮胎,"Shandong Linglong Tyre Co., Ltd.",Shanghai Stock Exchange,上海证券交易所,0.083
2026-06-04,CSI 500,000905,601990,601990.SS,南京证券,"Nanjing Securities Co., Ltd.",Shanghai Stock Exchange,上海证券交易所,0.14
2026-06-04,CSI 500,000905,601991,601991.SS,大唐发电,"Datang International Power Generation Co.,Ltd.",Shanghai Stock Exchange,上海证券交易所,0.305
2026-06-04,CSI 500,000905,601997,601997.SS,贵阳银行,"Bank of Guiyang Co.,Ltd.",Shanghai Stock Exchange,上海证券交易所,0.165
2026-06-04,CSI 500,000905,603000,603000.SS,人民网,"People.cn CO.,LTD",Shanghai Stock Exchange,上海证券交易所,0.092
2026-06-04,CSI 500,000905,603049,603049.SS,中策橡胶,"Zhongce Rubber Group Co., Ltd.",Shanghai Stock Exchange,上海证券交易所,0.039
2026-06-04,CSI 500,000905,603077,603077.SS,和邦生物,"Sichuan Hebang Biotechnology Co.,Ltd.",Shanghai Stock Exchange,上海证券交易所,0.144
2026-06-04,CSI 500,000905,603087,603087.SS,甘李药业,Gan & Lee Pharmaceuticals,Shanghai Stock Exchange,上海证券交易所,0.178
2026-06-04,CSI 500,000905,603129,603129.SS,春风动力,"ZHEJIANGCFMOTOPOWERCO.,LTD.",Shanghai Stock Exchange,上海证券交易所,0.227
2026-06-04,CSI 500,000905,603156,603156.SS,养元饮品,"Hebei Yangyuan ZhiHui Beverage Co., Ltd.",Shanghai Stock Exchange,上海证券交易所,0.204
2026-06-04,CSI 500,000905,603160,603160.SS,汇顶科技,"Shenzhen Huiding Technology Co., Ltd.",Shanghai Stock Exchange,上海证券交易所,0.161
2026-06-04,CSI 500,000905,603179,603179.SS,新泉股份,"Jiangsu Xinquan Automotive Trim Co.,Ltd",Shanghai Stock Exchange,上海证券交易所,0.247
2026-06-04,CSI 500,000905,603225,603225.SS,新凤鸣,"Xinfengming Group Co.,Ltd.",Shanghai Stock Exchange,上海证券交易所,0.135
2026-06-04,CSI 500,000905,603228,603228.SS,景旺电子,"Shenzhen Kinwong Electronic Co.,Ltd.",Shanghai Stock Exchange,上海证券交易所,0.37
2026-06-04,CSI 500,000905,603233,603233.SS,大参林,"DaShenLin Pharmaceutical Group Co., Ltd.",Shanghai Stock Exchange,上海证券交易所,0.071
2026-06-04,CSI 500,000905,603290,603290.SS,斯达半导,StarPower Semiconductor Ltd.,Shanghai Stock Exchange,上海证券交易所,0.146
2026-06-04,CSI 500,000905,603298,603298.SS,杭叉集团,"Hangcha Group Co.,Ltd.",Shanghai Stock Exchange,上海证券交易所,0.127
2026-06-04,CSI 500,000905,603338,603338.SS,浙江鼎力,"Zhejiang Dingli Machinery Co.,Ltd.",Shanghai Stock Exchange,上海证券交易所,0.123
2026-06-04,CSI 500,000905,603341,603341.SS,龙旗科技,"Shanghai Longcheer Technology Co.,Ltd",Shanghai Stock Exchange,上海证券交易所,0.077
2026-06-04,CSI 500,000905,603345,603345.SS,安井食品,"FU JIAN ANJOY FOODS CO., LTD.",Shanghai Stock Exchange,上海证券交易所,0.194
2026-06-04,CSI 500,000905,603379,603379.SS,三美股份,"Zhejiang Sanmei Chemical Industry Co., Ltd.",Shanghai Stock Exchange,上海证券交易所,0.133
2026-06-04,CSI 500,000905,603444,603444.SS,吉比特,"G-bits Network Technology(Xiamen)Co., Ltd.",Shanghai Stock Exchange,上海证券交易所,0.136
2026-06-04,CSI 500,000905,603486,603486.SS,科沃斯,"Ecovacs Robotics Co., Ltd.",Shanghai Stock Exchange,上海证券交易所,0.129
2026-06-04,CSI 500,000905,603529,603529.SS,爱玛科技,"AIMA TECHNOLOGY GROUP CO.,LTD.",Shanghai Stock Exchange,上海证券交易所,0.053
2026-06-04,CSI 500,000905,603565,603565.SS,中谷物流,"Shanghai Zhonggu Logistics Co., Ltd.",Shanghai Stock Exchange,上海证券交易所,0.083
2026-06-04,CSI 500,000905,603568,603568.SS,伟明环保,"ZHEJIANG WEIMING ENVIRONMENT PROTECTION CO., LTD.",Shanghai Stock Exchange,上海证券交易所,0.117
2026-06-04,CSI 500,000905,603589,603589.SS,口子窖,"Anhui Kouzi Distillery Co., Ltd.",Shanghai Stock Exchange,上海证券交易所,0.088
2026-06-04,CSI 500,000905,603596,603596.SS,伯特利,"Bethel Automotive Safety Systems Co., Ltd",Shanghai Stock Exchange,上海证券交易所,0.191
2026-06-04,CSI 500,000905,603605,603605.SS,珀莱雅,"Proya Cosmetics Co., Ltd.",Shanghai Stock Exchange,上海证券交易所,0.139
2026-06-04,CSI 500,000905,603606,603606.SS,东方电缆,"Ningbo Orient Wires & Cables Co., Ltd.",Shanghai Stock Exchange,上海证券交易所,0.21
2026-06-04,CSI 500,000905,603650,603650.SS,彤程新材,"Red Avenue New Materials Group Co., Ltd.",Shanghai Stock Exchange,上海证券交易所,0.123
2026-06-04,CSI 500,000905,603658,603658.SS,安图生物,"Autobio Diagnostics Co., Ltd.",Shanghai Stock Exchange,上海证券交易所,0.055
2026-06-04,CSI 500,000905,603659,603659.SS,璞泰来,"Shanghai Putailai New Energy Technology Co., Ltd.",Shanghai Stock Exchange,上海证券交易所,0.31
2026-06-04,CSI 500,000905,603688,603688.SS,石英股份,"JIANGSU PACIFIC QUARTZ CO., LTD",Shanghai Stock Exchange,上海证券交易所,0.173
2026-06-04,CSI 500,000905,603699,603699.SS,纽威股份,"Neway Valve (Suzhou) Co., Ltd.",Shanghai Stock Exchange,上海证券交易所,0.169
2026-06-04,CSI 500,000905,603707,603707.SS,健友股份,"Nanjing King-Friend Biochemical Pharmaceutical Co., Ltd",Shanghai Stock Exchange,上海证券交易所,0.037
2026-06-04,CSI 500,000905,603728,603728.SS,鸣志电器,"Shanghai Moons' Electric Co., Ltd.",Shanghai Stock Exchange,上海证券交易所,0.122
2026-06-04,CSI 500,000905,603737,603737.SS,三棵树,"SKSHU Paint Co., Ltd.",Shanghai Stock Exchange,上海证券交易所,0.102
2026-06-04,CSI 500,000905,603766,603766.SS,隆鑫通用,"Loncin Motor Co., Ltd.",Shanghai Stock Exchange,上海证券交易所,0.153
2026-06-04,CSI 500,000905,603786,603786.SS,科博达,"KEBODA TECHNOLOGY Co., Ltd.",Shanghai Stock Exchange,上海证券交易所,0.056
2026-06-04,CSI 500,000905,603806,603806.SS,福斯特,"HANGZHOU FIRST PV MATERIAL Co., LTD.",Shanghai Stock Exchange,上海证券交易所,0.177
2026-06-04,CSI 500,000905,603816,603816.SS,顾家家居,"Jason Furniture (Hangzhou) Co.,Ltd.",Shanghai Stock Exchange,上海证券交易所,0.136
2026-06-04,CSI 500,000905,603833,603833.SS,欧派家居,Oppein Home Group Inc.,Shanghai Stock Exchange,上海证券交易所,0.068
2026-06-04,CSI 500,000905,603858,603858.SS,步长制药,"SHANDONG BUCHANG PHARMACEUTICALS CO., LTD.",Shanghai Stock Exchange,上海证券交易所,0.075
2026-06-04,CSI 500,000905,603885,603885.SS,吉祥航空,"JUNEYAO AIRLINES Co., Ltd",Shanghai Stock Exchange,上海证券交易所,0.099
2026-06-04,CSI 500,000905,603899,603899.SS,晨光股份,SHANGHAI M&G STATIONERY INC.,Shanghai Stock Exchange,上海证券交易所,0.081
2026-06-04,CSI 500,000905,603920,603920.SS,世运电路,"Olympic Circuit Technology Co., Ltd.",Shanghai Stock Exchange,上海证券交易所,0.251
2026-06-04,CSI 500,000905,603927,603927.SS,中科软,"Sinosoft Co.,Ltd",Shanghai Stock Exchange,上海证券交易所,0.082
2026-06-04,CSI 500,000905,603939,603939.SS,益丰药房,"Yifeng Pharmacy Chain Co., Ltd.",Shanghai Stock Exchange,上海证券交易所,0.122
2026-06-04,CSI 500,000905,603979,603979.SS,金诚信,"JCHX MINING MANAGEMENT CO.,LTD.",Shanghai Stock Exchange,上海证券交易所,0.263
2026-06-04,CSI 500,000905,605358,605358.SS,立昂微,"Hangzhou Lion Electronics Co.,Ltd",Shanghai Stock Exchange,上海证券交易所,0.282
2026-06-04,CSI 500,000905,605589,605589.SS,圣泉集团,"Jinan Shengquan Group Share Holding Co.,Ltd.",Shanghai Stock Exchange,上海证券交易所,0.298
2026-06-04,CSI 500,000905,688002,688002.SS,睿创微纳,"Raytron Technology Co.,Ltd",Shanghai Stock Exchange,上海证券交易所,0.446
2026-06-04,CSI 500,000905,688017,688017.SS,绿的谐波,"Leader Harmonious Drive Systems Co., Ltd.",Shanghai Stock Exchange,上海证券交易所,0.373
2026-06-04,CSI 500,000905,688018,688018.SS,乐鑫科技,"Espressif Systems (Shanghai) Co., Ltd.",Shanghai Stock Exchange,上海证券交易所,0.159
2026-06-04,CSI 500,000905,688019,688019.SS,安集科技,"Anji Microelectronics Technology (Shanghai) Co., Ltd.",Shanghai Stock Exchange,上海证券交易所,0.318
2026-06-04,CSI 500,000905,688027,688027.SS,国盾量子,"QuantumCTek Co., Ltd.",Shanghai Stock Exchange,上海证券交易所,0.328
2026-06-04,CSI 500,000905,688037,688037.SS,芯源微,"KINGSEMI Co., Ltd.",Shanghai Stock Exchange,上海证券交易所,0.375
2026-06-04,CSI 500,000905,688052,688052.SS,纳芯微,"Suzhou Novosense Microelectronics Co., Ltd.",Shanghai Stock Exchange,上海证券交易所,0.278
2026-06-04,CSI 500,000905,688065,688065.SS,凯赛生物,Cathay Biotech Inc.,Shanghai Stock Exchange,上海证券交易所,0.138
2026-06-04,CSI 500,000905,688099,688099.SS,晶晨股份,"Amlogic (Shanghai) Co., Ltd.",Shanghai Stock Exchange,上海证券交易所,0.339
2026-06-04,CSI 500,000905,688100,688100.SS,威胜信息,"Willfar Information Technology Co., Ltd.",Shanghai Stock Exchange,上海证券交易所,0.051
2026-06-04,CSI 500,000905,688114,688114.SS,华大智造,"MGI Tech Co., Ltd.",Shanghai Stock Exchange,上海证券交易所,0.12
2026-06-04,CSI 500,000905,688120,688120.SS,华海清科,"Hwatsing Technology Co.,Ltd.",Shanghai Stock Exchange,上海证券交易所,0.614
2026-06-04,CSI 500,000905,688122,688122.SS,西部超导,"Western Superconducting Technologies Co.,Ltd.",Shanghai Stock Exchange,上海证券交易所,0.292
2026-06-04,CSI 500,000905,688166,688166.SS,博瑞医药,"BrightGene Bio-Medical Technology Co., Ltd.",Shanghai Stock Exchange,上海证券交易所,0.146
2026-06-04,CSI 500,000905,688172,688172.SS,燕东微,"Beijing YanDong MicroElectronic Co., Ltd.",Shanghai Stock Exchange,上海证券交易所,0.196
2026-06-04,CSI 500,000905,688180,688180.SS,君实生物,"Shanghai Junshi Biosciences Co., Ltd.",Shanghai Stock Exchange,上海证券交易所,0.174
2026-06-04,CSI 500,000905,688183,688183.SS,生益电子,"SHENGYI ELECTRONICS CO., LTD.",Shanghai Stock Exchange,上海证券交易所,0.327
2026-06-04,CSI 500,000905,688188,688188.SS,柏楚电子,SHANGHAI FRIENDESS ELECTRONICS TECHNOLOGY CORPORATION LIMITED,Shanghai Stock Exchange,上海证券交易所,0.178
2026-06-04,CSI 500,000905,688192,688192.SS,迪哲医药,"Dizal (Jiangsu) Pharmaceutical Co., Ltd.",Shanghai Stock Exchange,上海证券交易所,0.073
2026-06-04,CSI 500,000905,688213,688213.SS,思特威,"Smartsens Technology (Shanghai) Co., Ltd.",Shanghai Stock Exchange,上海证券交易所,0.264
2026-06-04,CSI 500,000905,688220,688220.SS,翱捷科技,"ASR Microelectronics Co., Ltd.",Shanghai Stock Exchange,上海证券交易所,0.253
2026-06-04,CSI 500,000905,688234,688234.SS,天岳先进,"SICC CO., LTD.",Shanghai Stock Exchange,上海证券交易所,0.3
2026-06-04,CSI 500,000905,688235,688235.SS,百济神州,"BeiGene, Ltd.",Shanghai Stock Exchange,上海证券交易所,0.266
2026-06-04,CSI 500,000905,688248,688248.SS,南网科技,"ChinaSouthernPowerGridTechnologyCo.,Ltd.",Shanghai Stock Exchange,上海证券交易所,0.097
2026-06-04,CSI 500,000905,688266,688266.SS,泽璟制药,"Suzhou Zelgen Biopharmaceuticals Co., Ltd.",Shanghai Stock Exchange,上海证券交易所,0.176
2026-06-04,CSI 500,000905,688278,688278.SS,特宝生物,"Xiamen Amoytop Biotech Co., LTD.",Shanghai Stock Exchange,上海证券交易所,0.088
2026-06-04,CSI 500,000905,688281,688281.SS,华秦科技,"Shaanxi Huaqin Technology Industry Co., Ltd.",Shanghai Stock Exchange,上海证券交易所,0.098
2026-06-04,CSI 500,000905,688295,688295.SS,中复神鹰,"Zhongfu Shenying Carbon Fiber Co.,Ltd.",Shanghai Stock Exchange,上海证券交易所,0.082
2026-06-04,CSI 500,000905,688297,688297.SS,中无人机,"AVIC (CHENGDU) UAS CO., LTD.",Shanghai Stock Exchange,上海证券交易所,0.114
2026-06-04,CSI 500,000905,688301,688301.SS,奕瑞科技,iRay Group,Shanghai Stock Exchange,上海证券交易所,0.243
2026-06-04,CSI 500,000905,688318,688318.SS,财富趋势,"Shenzhen Fortune Trend Technology Co., Ltd",Shanghai Stock Exchange,上海证券交易所,0.082
2026-06-04,CSI 500,000905,688322,688322.SS,奥比中光,Orbbec Inc.,Shanghai Stock Exchange,上海证券交易所,0.212
2026-06-04,CSI 500,000905,688336,688336.SS,三生国健,"Sunshine Guojian Pharmaceutical (Shanghai) Co., Ltd.",Shanghai Stock Exchange,上海证券交易所,0.075
2026-06-04,CSI 500,000905,688347,688347.SS,华虹公司,HUA HONG SEMICONDUCTOR LIMITED,Shanghai Stock Exchange,上海证券交易所,0.916
2026-06-04,CSI 500,000905,688349,688349.SS,三一重能,"Sany Heavy Energy Co., Ltd.",Shanghai Stock Exchange,上海证券交易所,0.049
2026-06-04,CSI 500,000905,688361,688361.SS,中科飞测,"Skyverse Technology Co., Ltd.",Shanghai Stock Exchange,上海证券交易所,0.434
2026-06-04,CSI 500,000905,688363,688363.SS,华熙生物,Bloomage Biotechnology Corporation Limited,Shanghai Stock Exchange,上海证券交易所,0.067
2026-06-04,CSI 500,000905,688375,688375.SS,国博电子,"Guobo Electronics Co., Ltd.",Shanghai Stock Exchange,上海证券交易所,0.154
2026-06-04,CSI 500,000905,688385,688385.SS,复旦微电,"Shanghai Fudan Microelectronics Group CO.,LTD.",Shanghai Stock Exchange,上海证券交易所,0.215
2026-06-04,CSI 500,000905,688387,688387.SS,信科移动,"CICT Mobile Communication Technology Co., Ltd.",Shanghai Stock Exchange,上海证券交易所,0.209
2026-06-04,CSI 500,000905,688425,688425.SS,铁建重工,China Railway Construction Heavy Industry Corporation Limited,Shanghai Stock Exchange,上海证券交易所,0.068
2026-06-04,CSI 500,000905,688469,688469.SS,芯联集成,"United Nova Technology Co., Ltd.",Shanghai Stock Exchange,上海证券交易所,0.385
2026-06-04,CSI 500,000905,688475,688475.SS,萤石网络,"Hangzhou EZVIZ Network Co.,Ltd.",Shanghai Stock Exchange,上海证券交易所,0.042
2026-06-04,CSI 500,000905,688520,688520.SS,神州细胞,Sinocelltech Group Limited,Shanghai Stock Exchange,上海证券交易所,0.051
2026-06-04,CSI 500,000905,688525,688525.SS,佰维存储,"Biwin Storage Technology Co., Ltd.",Shanghai Stock Exchange,上海证券交易所,1.015
2026-06-04,CSI 500,000905,688538,688538.SS,和辉光电,"Everdisplay Optronics (Shanghai) Co., Ltd.",Shanghai Stock Exchange,上海证券交易所,0.123
2026-06-04,CSI 500,000905,688561,688561.SS,奇安信,Qi An Xin Technology Group Inc.,Shanghai Stock Exchange,上海证券交易所,0.069
2026-06-04,CSI 500,000905,688563,688563.SS,航材股份,"Baimtec Material Co.,Ltd.",Shanghai Stock Exchange,上海证券交易所,0.067
2026-06-04,CSI 500,000905,688568,688568.SS,中科星图,"Geovis Technology Co.,Ltd",Shanghai Stock Exchange,上海证券交易所,0.187
2026-06-04,CSI 500,000905,688578,688578.SS,艾力斯,"Shanghai Allist Pharmaceuticals Co., Ltd.",Shanghai Stock Exchange,上海证券交易所,0.23
2026-06-04,CSI 500,000905,688582,688582.SS,芯动联科,Anhui XDLK Microsystem Corporation Limited,Shanghai Stock Exchange,上海证券交易所,0.093
2026-06-04,CSI 500,000905,688599,688599.SS,天合光能,"Trina Solar Co., Ltd.",Shanghai Stock Exchange,上海证券交易所,0.206
2026-06-04,CSI 500,000905,688608,688608.SS,恒玄科技,"Bestechnic (Shanghai) Co., Ltd.",Shanghai Stock Exchange,上海证券交易所,0.187
2026-06-04,CSI 500,000905,688615,688615.SS,合合信息,"Intsig Information Co., Ltd.",Shanghai Stock Exchange,上海证券交易所,0.119
2026-06-04,CSI 500,000905,688617,688617.SS,惠泰医疗,APT Medical Inc.,Shanghai Stock Exchange,上海证券交易所,0.165
2026-06-04,CSI 500,000905,688629,688629.SS,华丰科技,"Sichuan Huafeng Technology Co., LTD.",Shanghai Stock Exchange,上海证券交易所,0.248
2026-06-04,CSI 500,000905,688676,688676.SS,金盘科技,"HAINAN JINPAN SMART TECHNOLOGY CO., LTD.",Shanghai Stock Exchange,上海证券交易所,0.263
2026-06-04,CSI 500,000905,688692,688692.SS,达梦数据,WUHAN DAMENG DATABASE COMPANY LIMITED,Shanghai Stock Exchange,上海证券交易所,0.138
2026-06-04,CSI 500,000905,688702,688702.SS,盛科通信,"Suzhou Centec Communications Co., Ltd.",Shanghai Stock Exchange,上海证券交易所,0.329
2026-06-04,CSI 500,000905,688709,688709.SS,成都华微,"Chengdu Sino-Microelectronics Tech. Co., Ltd.",Shanghai Stock Exchange,上海证券交易所,0.065
2026-06-04,CSI 500,000905,688728,688728.SS,格科微,GalaxyCore Inc.,Shanghai Stock Exchange,上海证券交易所,0.107
2026-06-04,CSI 500,000905,688772,688772.SS,珠海冠宇,"Zhuhai CosMX Battery Co., Ltd.",Shanghai Stock Exchange,上海证券交易所,0.103
2026-06-04,CSI 500,000905,688777,688777.SS,中控技术,"SUPCON Technology Co., Ltd.",Shanghai Stock Exchange,上海证券交易所,0.515
2026-06-04,CSI 500,000905,688778,688778.SS,厦钨新能,"XTC New Energy Materials (Xiamen) Co.,Ltd.",Shanghai Stock Exchange,上海证券交易所,0.12
2026-06-04,CSI 500,000905,688819,688819.SS,天能股份,"Tianneng Battery Group Co.,Ltd.",Shanghai Stock Exchange,上海证券交易所,0.032
2026-06-04,CSI 500,000905,689009,689009.SS,九号公司,Ninebot Limited,Shanghai Stock Exchange,上海证券交易所,0.209
